x,y,z
-0.191944,0.399553,0.683006
-0.130083,-0.470336,0.32636
-0.188562,0.145768,0.0530671
-0.188549,0.0703966,0.449478
-0.243029,-0.192786,0.311027
-0.152312,0.290999,0.28603
-0.175256,0.162417,0.667146
-0.287693,0.117296,0.258503
-0.204415,0.275034,0.48841
-0.0712273,0.103154,0.286142
-0.180296,0.465444,0.503056
-0.115546,-0.065785,0.342008
-0.117173,-0.303064,0.319545
-0.27207,-0.467607,0.405263
-0.0737891,0.215088,0.413614
-0.309843,0.17188,0.416307
-0.227449,0.226314,0.173011
-0.160681,0.0805592,0.177015
-0.244104,-0.0108588,0.349514
-0.237165,-0.371734,0.309743
-0.279998,0.248706,0.305396
-0.130895,0.154594,0.538219
-0.161521,0.284106,0.618595
-0.175822,0.513764,0.625111
-0.103302,0.192886,0.183279
-0.115968,-0.182767,0.316759
-0.130246,-0.467315,0.444943
-0.245463,0.16476,0.521198
-0.0879506,0.0970874,0.399767
-0.196776,0.0825566,0.591512
-0.198337,0.373429,0.564446
-0.172174,0.0555678,0.283134
-0.0641517,0.211784,0.290445
-0.253185,0.125763,0.148494
-0.223012,0.285778,0.38496
-0.275221,0.0829109,0.377797
-0.225223,-0.465739,0.321364
-0.223379,-0.103015,0.338185
-0.113172,0.131069,0.108697
-0.110539,0.238105,0.49713
-0.126486,0.283639,0.377311
-0.132525,0.0224445,0.364352
-0.225956,-0.281926,0.325954
-0.123471,-0.387016,0.306699
-0.317818,0.168692,0.332274
-0.221811,0.269962,0.2442
-0.164829,0.433032,0.611716
-0.15971,0.207208,0.125368
-0.255319,0.0583657,0.303391
-0.261982,0.112721,0.461719
-0.120893,0.097696,0.481575
-0.048077,0.160437,0.361716
-0.280283,0.198221,0.243954
-0.272514,0.227771,0.458663
-0.222567,0.0867583,0.226411
-0.174029,0.220759,0.540197
-0.102834,0.120992,0.214474
-0.154579,0.247601,0.211076
-0.204203,0.219318,0.621206
-0.202464,0.0547276,0.369364
-0.167604,0.471858,0.688986
-0.19632,-0.466356,0.406216
-0.284977,0.240162,0.37948
-0.218038,0.0949049,0.522802
-0.182478,0.327964,0.674307
-0.20737,0.496256,0.562144
-0.186811,0.0985997,0.107206
-0.0907222,-0.464012,0.385605
-0.230354,0.184657,0.115228
-0.0783145,0.159263,0.457352
-0.1677,0.395748,0.504265
-0.195426,0.147647,0.566247
-0.192887,0.304452,0.560678
-0.219006,0.463452,0.643244
-0.215727,0.29421,0.312263
-0.0978318,0.269338,0.317568
-0.152993,0.126693,0.616092
-0.149161,0.0913309,0.541058
-0.144152,0.279405,0.459147
-0.112453,0.0589517,0.309182
-0.0663856,0.15984,0.248984
-0.136114,-0.242894,0.321462
-0.279676,0.149201,0.200514
-0.303787,0.106164,0.318217
-0.242046,0.228997,0.513106
-0.132606,-0.125272,0.335217
-0.0999058,0.248716,0.257816
-0.144078,0.0826108,0.234662
-0.144597,0.0690307,0.408938
-0.279113,0.169141,0.471702
-0.155102,0.470384,0.55573
-0.179873,0.112227,0.00638093
-0.0681766,0.0980957,0.343584
-0.197687,0.428387,0.543661
-0.208135,0.131806,0.631024
-0.146444,-0.459775,0.379545
-0.0747252,0.238908,0.358715
-0.0506898,0.151363,0.303427
-0.150909,0.170011,0.0851457
-0.312402,0.123932,0.369299
-0.214341,0.0854992,0.168581
-0.228689,0.126679,0.083925
-0.157342,0.19246,0.625889
-0.159483,0.340994,0.582867
-0.108971,0.261311,0.423468
-0.098342,0.143816,0.163341
-0.307031,0.163848,0.275149
-0.230861,0.0739245,0.40989
-0.17258,0.296888,0.354597
-0.184285,0.288099,0.420993
-0.144479,0.473205,0.639405
-0.0969116,0.184388,0.499294
-0.206579,0.412153,0.634441
-0.256797,0.0392312,0.353886
-0.227763,-0.467265,0.447425
-0.115535,0.181489,0.131466
-0.100705,0.0628414,0.36348
-0.246218,0.264851,0.425722
-0.258925,0.270905,0.347689
-0.201893,0.263434,0.595796
-0.172105,0.237125,0.164661
-0.149225,0.117067,0.0671537
-0.15572,0.427556,0.661324
-0.0611709,0.152486,0.410343
-0.233488,-0.460263,0.372712
-0.29106,0.114352,0.413938
-0.179257,0.348197,0.525344
-0.26001,0.197655,0.19769
-0.161081,0.262351,0.509627
-0.167336,0.243174,0.646205
-0.159954,0.0476624,0.330642
-0.245166,-0.147349,0.330566
-0.225117,-0.416579,0.326773
-0.133255,0.0980857,0.139839
-0.242314,-0.240951,0.301514
-0.209415,0.0475879,0.321327
-0.166707,0.0787013,0.497144
-0.162664,0.513166,0.577954
-0.239669,-0.0593589,0.352612
-0.304187,0.207054,0.306643
-0.199809,0.46177,0.596031
-0.255251,0.173896,0.156456
-0.255506,0.236359,0.229931
-0.129056,0.208637,0.52951
-0.239853,-0.327169,0.325594
-0.177726,0.361567,0.707282
-0.118277,-0.0188008,0.344737
-0.20151,0.246007,0.207478
-0.0896496,0.116292,0.442691
-0.102301,0.136969,0.498849
-0.215297,0.194628,0.540291
-0.215101,0.0633219,0.265837
-0.197883,0.500019,0.66319
-0.249451,0.112859,0.192226
-0.15611,0.380324,0.548469
-0.175594,0.270446,0.244265
-0.154042,0.435022,0.527562
-0.149455,0.127281,0.568854
-0.207071,0.176553,0.638616
-0.197419,0.316814,0.603607
-0.10306,0.0905493,0.257577
-0.24548,0.274544,0.281654
-0.0522236,0.194599,0.333799
-0.136621,-0.429074,0.311604
-0.167279,0.236366,0.601289
-0.257021,0.0770282,0.262539
-0.228571,0.0842999,0.461388
-0.125124,-0.34739,0.32535
-0.131177,0.228122,0.179668
-0.206261,0.387625,0.523942
-0.24123,0.261816,0.469213
-0.19893,0.442115,0.678764
-0.13343,0.291465,0.327511
-0.0853972,0.159651,0.203882
-0.308956,0.205033,0.375036
-0.230262,-0.223125,0.338316
-0.175537,0.502496,0.534827
-0.216014,0.109441,0.565013
-0.163957,0.180452,0.54849
-0.180374,0.100835,0.635861
-0.134712,0.271133,0.251962
-0.155277,0.47232,0.599242
-0.191508,0.0773034,0.550586
-0.249509,0.127066,0.504154
-0.121751,0.101492,0.183223
-0.176519,0.367072,0.662771
-0.185235,0.209317,0.660931
-0.206262,0.247131,0.521551
-0.180282,0.160034,0.612363
-0.0953683,0.238157,0.459111
-0.198396,0.423762,0.503084
-0.158963,0.0559952,0.372993
-0.19335,0.107775,0.0672477
-0.142716,0.0774938,0.453798
-0.198674,0.287477,0.272954
-0.157192,0.0904417,0.595299
-0.228638,0.101868,0.127028
-0.208018,0.466001,0.533262
-0.102848,0.224715,0.225677
-0.249247,0.149254,0.112978
-0.206963,0.501788,0.602751
-0.156872,0.295521,0.58043
-0.187732,0.0781382,0.208768
-0.275992,0.0735675,0.333845
-0.221201,0.0216641,0.356898
-0.279163,0.228859,0.269282
-0.183409,0.0631612,0.407425
-0.261745,0.117679,0.229479
-0.195601,0.26665,0.634084
-0.0804934,0.123981,0.249139
-0.0774333,0.197148,0.450405
-0.07479,0.198581,0.255897
-0.0569744,0.201286,0.371339
-0.227303,0.137797,0.541644
-0.058545,0.122936,0.371237
-0.178382,0.0715495,0.247866
-0.205041,0.220705,0.142571
-0.285497,0.0832363,0.293927
-0.127183,0.112669,0.518637
-0.0907945,0.25,0.392222
-0.1603,0.501143,0.659294
-0.188983,0.189725,0.109157
-0.257682,0.271215,0.387801
-0.296115,0.148645,0.239446
-0.233218,-0.461062,0.410699
-0.290829,0.212289,0.429876
-0.11444,0.27389,0.28328
-0.121625,-0.461684,0.407396
-0.148896,0.286186,0.406837
-0.263736,0.189493,0.500631
-0.20359,0.165825,0.0802447
-0.182463,0.286861,0.457755
-0.319634,0.16984,0.375204
-0.113184,-0.218354,0.306491
-0.114686,0.089019,0.432985
-0.170362,0.398057,0.64401
-0.2722,0.241719,0.414359
-0.212476,0.29592,0.351443
-0.0819155,0.2446,0.289352
-0.168921,0.299153,0.318399
-0.115272,-0.46137,0.358356
-0.153521,0.158843,0.637944
-0.235542,0.0451306,0.382185
-0.20624,0.123896,0.596281
-0.285619,0.142219,0.449253
-0.206588,0.339201,0.559186
-0.145779,0.100811,0.106775
-0.176466,0.0908837,0.140199
-0.170241,0.129229,0.65596
-0.263182,0.0889836,0.410351
-0.170715,0.42682,0.693233
-0.305263,0.213808,0.341022
-0.306469,0.128673,0.291567
-0.16589,0.124541,0.035944
-0.204439,0.0819323,0.493479
-0.295353,0.0962222,0.351792
-0.185183,0.454655,0.562474
-0.1183,0.0417424,0.338597
-0.160265,-0.467615,0.410078
-0.0529351,0.125235,0.325443
-0.139509,0.0678236,0.265196
-0.0821282,0.0803849,0.309146
-0.0610789,0.136594,0.274184
-0.114404,-0.26912,0.318502
-0.101698,0.271497,0.351104
-0.160221,0.328831,0.551396
-0.234921,0.244499,0.203879
-0.119506,0.254263,0.227485
-0.122471,0.165267,0.101858
-0.208527,-0.465498,0.351347
-0.190867,0.293257,0.382429
-0.233573,0.203519,0.142121
-0.125281,-0.0939979,0.327812
-0.11565,0.072735,0.39108
-0.241936,-0.254012,0.332732
-0.182792,0.401757,0.555613
-0.115097,-0.151082,0.325273
-0.223185,-0.171122,0.325439
-0.164726,0.316592,0.604769
-0.277367,0.176943,0.219347
-0.215676,0.281487,0.426678
-0.208601,0.441872,0.620177
-0.13072,0.207521,0.143308
-0.180355,0.316837,0.644001
-0.174948,0.137468,0.588838
-0.311498,0.13546,0.399126
-0.0511744,0.183077,0.299297
-0.200533,0.475245,0.682936
-0.129863,-0.211743,0.33262
-0.167692,0.264115,0.586079
-0.185263,0.195202,0.611414
-0.111853,0.11473,0.156399
-0.240602,0.102294,0.48685
-0.167754,0.435574,0.499287
-0.195067,0.345334,0.587706
-0.155512,0.46588,0.522468
-0.154175,0.14831,0.062839
-0.240219,0.0473442,0.328617
-0.13353,0.266465,0.485567
-0.256538,0.239481,0.484817
-0.129717,0.140995,0.0835852
-0.243646,0.282372,0.318953
-0.295945,0.180341,0.442743
-0.265618,0.135007,0.175367
-0.314568,0.13456,0.324096
-0.264308,-0.461668,0.374924
-0.211219,0.493022,0.632077
-0.245834,-0.465467,0.344957
-0.065393,0.226221,0.317635
-0.166467,0.383523,0.688979
-0.125471,0.0976468,0.215639
-0.200652,0.149249,0.656414
-0.15179,0.457643,0.664836
-0.259419,0.249384,0.257241
-0.223023,-0.217735,0.309205
-0.0469347,0.164569,0.331602
-0.180254,0.0345748,0.364296
-0.270419,0.13979,0.475467
-0.227125,0.256901,0.501759
-0.148761,-0.463824,0.34939
-0.0993652,0.117964,0.471389
-0.225806,0.0905829,0.196505
-0.115328,0.179022,0.522654
-0.200705,0.0523766,0.292205
-0.23801,-0.0783966,0.32901
-0.31209,0.178498,0.301759
-0.0937786,0.0694943,0.334508
-0.248644,0.200758,0.167932
-0.1548,0.22209,0.628326
-0.1401,0.052389,0.300336
-0.165119,0.279042,0.485336
-0.226084,-0.0350866,0.342215
-0.120203,0.0453701,0.37864
-0.109015,0.0696217,0.281708
-0.20487,0.104639,0.618755
-0.145285,0.443976,0.634945
-0.210299,0.166697,0.548597
-0.14055,0.235407,0.524515
-0.244447,0.200995,0.52207
-0.21879,0.278591,0.460026
-0.183323,0.0784961,0.52149
-0.193206,0.516591,0.578097
-0.152789,0.496986,0.617689
-0.195633,0.1191,0.0402107
-0.200803,0.289012,0.61575
-0.0746617,0.141041,0.223809
-0.185356,0.372451,0.510075
-0.102629,0.12375,0.185319
-0.290278,0.236541,0.330258
-0.16603,0.154477,0.561823
-0.106304,0.211781,0.509084
-0.249356,0.0912662,0.435978
-0.213401,0.433822,0.65275
-0.165488,0.0788608,0.569901
-0.202366,-0.457618,0.379137
-0.198249,0.233476,0.645869
-0.193693,0.354526,0.684197
-0.243077,0.120327,0.11012
-0.150462,0.0823947,0.203982
-0.105055,0.147729,0.130847
-0.157198,0.407587,0.539075
-0.0726436,0.120063,0.407652
-0.190385,0.297312,0.299336
-0.205791,0.221425,0.537135
-0.237017,-0.439809,0.315217
-0.158118,0.184369,0.653233
-0.203682,0.289763,0.585077
-0.0953488,0.19967,0.214492
-0.297957,0.198277,0.280382
-0.249177,0.0702347,0.388697
-0.131773,-0.0433325,0.347873
-0.245108,-0.119327,0.32802
-0.152698,0.4162,0.631843
-0.115106,0.260205,0.465339
-0.20246,0.237766,0.178657
-0.213688,0.140223,0.0645329
-0.251525,-0.218386,0.31855
-0.237419,-0.304082,0.309961
-0.145067,0.0906858,0.513465
-0.188232,0.325677,0.543457
-0.126254,-0.327638,0.305995
-0.230565,-0.398338,0.305913
-0.0740904,0.137556,0.434236
-0.140063,0.191063,0.114473
-0.159405,0.374976,0.520544
-0.177758,0.0849237,0.612922
-0.0878489,0.20128,0.479395
-0.220125,-0.243727,0.319281
-0.211641,0.0737768,0.434853
-0.175613,0.365685,0.577827
-0.165624,0.0741453,0.470091
-0.168878,0.0685794,0.430513
-0.122202,0.237517,0.203724
-0.1957,0.399128,0.656006
-0.210459,0.105451,0.0882405
-0.130223,-0.40634,0.324991
-0.240553,0.285173,0.364252
-0.228717,0.166711,0.0949422
-0.240462,0.259061,0.227794
-0.265892,0.0639711,0.360043
-0.110776,0.270996,0.39534
-0.165954,0.403711,0.671011
-0.101023,0.170619,0.162878
-0.136796,0.123573,0.545385
-0.318758,0.14672,0.35669
-0.239016,0.103923,0.154573
-0.08536,0.084055,0.36876
-0.11803,0.208544,0.166769
-0.170615,0.436105,0.548447
-0.15701,0.49927,0.55374
-0.179231,0.25414,0.219676
-0.207687,0.440798,0.521373
-0.195227,0.184661,0.661991
-0.280902,0.203107,0.464143
-0.137551,0.292626,0.354877
-0.188338,0.0474479,0.337495
-0.188545,0.266059,0.507726
-0.203398,0.354039,0.537393
-0.150228,0.227392,0.153272
-0.155188,0.247946,0.622539
-0.152938,0.260976,0.234357
-0.174933,0.460111,0.586409
-0.245837,0.0924527,0.237636
-0.192625,0.483324,0.518061
-0.156381,0.353487,0.542942
-0.216793,0.0637855,0.389507
-0.260284,0.154614,0.50199
-0.235323,-0.265672,0.30713
-0.154685,0.238092,0.185894
-0.10414,0.107857,0.23706
-0.146475,0.101038,0.56515
-0.226855,-0.347956,0.316698
-0.264725,0.209692,0.220331
-0.114456,-0.246247,0.306022
-0.227484,-0.198166,0.331373
-0.0885785,0.150886,0.479784
-0.181669,0.414353,0.627123
-0.13002,0.276032,0.42749
-0.189148,0.299398,0.334728
-0.118121,0.00816503,0.348114
-0.246311,0.0149929,0.35696
-0.211099,0.469278,0.619223
-0.132217,0.11618,0.0907154
-0.199093,0.238943,0.605035
-0.202746,0.471287,0.571804
-0.203149,0.076107,0.23986
-0.231945,0.0568428,0.284381
-0.190228,0.196167,0.546363
-0.182745,0.279873,0.572216
-0.290279,0.228659,0.292572
-0.151631,0.489395,0.580273
-0.147173,0.0428194,0.354257
-0.185069,0.387243,0.706356
-0.30093,0.13787,0.266361
-0.179857,0.519152,0.59989
-0.274599,0.256098,0.361643
-0.205764,0.201911,0.642219
-0.223858,-0.134159,0.325382
-0.158624,0.102459,0.621798
-0.180235,0.0474435,0.306599
-0.168144,0.355132,0.68458
-0.181479,0.246357,0.527242
-0.222773,0.285937,0.282655
-0.11348,0.152752,0.519833
-0.283623,0.13013,0.226573
-0.17954,0.450347,0.696387
-0.0552104,0.142219,0.387297
-0.0632233,0.103312,0.3182
-0.110393,0.121682,0.131973
-0.151733,0.116366,0.593128
-0.0641603,0.191933,0.41133
-0.299734,0.136075,0.423236
-0.152556,0.284233,0.435936
-0.202608,0.156406,0.623293
-0.186322,0.169724,0.555334
-0.162391,0.213818,0.651596
-0.0533185,0.179027,0.382291
-0.188598,0.4412,0.60508
-0.168918,0.267307,0.635637
-0.170129,0.109563,0.0555979
-0.193463,0.122069,0.649991
-0.178143,0.491535,0.675884
-0.312505,0.18763,0.397134
-0.171907,0.287041,0.271142
-0.239368,0.101167,0.215079
-0.201136,0.0916112,0.13741
-0.206117,0.324616,0.579889
-0.288764,0.0983421,0.274293
-0.130048,-0.445187,0.329089
-0.137649,0.0626869,0.386146
-0.212062,0.479381,0.660691
-0.081581,0.250915,0.316704
-0.177786,0.514707,0.556037
-0.180925,0.24414,0.194294
-0.2604,0.148449,0.154302
-0.288781,0.0998201,0.389014
-0.0974395,-0.463955,0.409457
-0.295063,0.175655,0.25752
-0.125234,-0.361143,0.305253
-0.106255,0.0391635,0.3596
-0.132853,-0.16779,0.325861
-0.195519,0.399719,0.504757
-0.20977,0.257994,0.226944
-0.24381,0.222815,0.190466
-0.114776,-0.230432,0.327309
-0.295741,0.215075,0.406438
-0.200368,0.42051,0.668234
-0.276153,0.110391,0.432415
-0.20312,0.403448,0.541801
-0.262403,0.266616,0.296817
-0.0510111,0.13521,0.351973
-0.130117,-0.201677,0.310085
-0.0862202,0.234904,0.419046
-0.222562,0.109256,0.541482
-0.0534878,0.163865,0.283149
-0.171575,0.104891,0.0790142
-0.269341,0.125161,0.208049
-0.233787,0.112053,0.517448
-0.208965,0.0437694,0.348894
-0.0649091,0.225087,0.341963
-0.11781,0.0924607,0.456348
-0.194077,0.0791963,0.179334
-0.317272,0.159919,0.397135
-0.19841,0.497152,0.538422
-0.213701,0.133416,0.561035
-0.137337,0.0505065,0.323787
-0.117857,-0.466895,0.381223
-0.141695,0.180515,0.540491
-0.228527,0.174363,0.535725
-0.265795,0.217872,0.486717
-0.156308,0.414562,0.512764
-0.289395,0.238176,0.356425
-0.249334,-0.46661,0.392408
-0.269078,0.222398,0.243128
-0.193226,0.376719,0.676155
-0.118632,0.282078,0.304863
-0.232127,0.278289,0.405209
-0.09616,0.222592,0.484422
-0.180207,0.34451,0.657813
-0.228029,0.0503222,0.307437
-0.220295,-0.466909,0.39211
-0.204975,0.0755336,0.465288
-0.0824811,0.251698,0.340943
-0.234966,0.288456,0.341947
-0.21027,0.454746,0.662957
-0.194347,0.509821,0.64248
-0.169216,0.0781214,0.222637
-0.153506,0.200364,0.541504
-0.154766,0.133108,0.639228
-0.161987,0.445967,0.682063
-0.216535,-0.444255,0.32486
-0.196978,0.274886,0.251681
-0.18164,0.300755,0.62092
-0.0880564,0.140974,0.190074
-0.154337,0.48238,0.671285
-0.207428,0.0883837,0.568388
-0.174336,0.220009,0.137575
-0.261426,0.0672441,0.283135
-0.130889,-0.28491,0.316265
-0.114847,0.115793,0.499601
-0.20738,0.41258,0.520915
-0.170308,0.306988,0.557994
-0.168168,0.078806,0.538763
-0.1592,0.148641,0.617515
-0.190246,0.445366,0.498667
-0.266072,0.176453,0.191765
-0.314189,0.194039,0.355802
-0.122972,0.0806498,0.252762
-0.0946461,0.263326,0.374192
-0.205219,0.246228,0.628374
-0.15223,0.290377,0.384775
-0.245209,-0.168542,0.32067
-0.165028,0.210345,0.611838
-0.110745,0.217971,0.20319
-0.235664,0.0289077,0.340889
-0.313621,0.156057,0.303915
-0.241542,0.142269,0.52469
-0.317857,0.144994,0.379184
-0.170258,0.486028,0.519215
-0.231237,0.0735444,0.253923
-0.277443,0.229854,0.434188
-0.0860311,0.216377,0.248034
-0.1377,0.280782,0.272465
-0.235643,-0.0868324,0.34962
-0.155417,0.266425,0.604652
-0.235004,-0.389688,0.32607
-0.0863484,0.179432,0.217629
-0.226003,-0.000110945,0.358477
-0.183646,0.0568838,0.381165
-0.14922,0.495023,0.640949
-0.174073,0.405953,0.700222
-0.210868,0.103425,0.588874
-0.120712,0.0792761,0.411691
-0.0549708,0.129732,0.300859
-0.244754,0.265923,0.25599
-0.178307,0.413717,0.496952
-0.155301,0.455175,0.613201
-0.226066,0.223388,0.527304
-0.193954,0.143848,0.606146
-0.156778,0.275715,0.254548
-0.201961,0.206122,0.126336
-0.258878,0.0559921,0.33973
-0.31313,0.189101,0.321033
-0.13464,0.0781319,0.433355
-0.0706286,0.107634,0.381367
-0.113819,0.193144,0.151694
-0.18367,0.127456,0.0217329
-0.191747,0.422761,0.688548
-0.125324,-0.370884,0.324885
-0.114808,-0.112558,0.3354
-0.140957,0.253823,0.509887
-0.20916,0.482613,0.592567
-0.0608874,0.192246,0.281313
-0.183132,0.17654,0.092836
-0.158332,0.364134,0.564748
-0.185204,0.222336,0.603292
-0.163177,0.170122,0.621031
-0.126726,0.109805,0.111672
-0.131085,-0.0805434,0.344886
-0.263865,0.162019,0.172329
-0.285018,0.208824,0.262182
-0.235562,0.0257955,0.372496
-0.161403,0.0627859,0.396923
-0.206077,0.382119,0.544809
-0.223608,-0.0671899,0.340559
-0.143864,0.14446,0.552119
-0.198126,0.511229,0.621324
-0.268803,0.105519,0.245776
-0.152204,0.0903971,0.146291
-0.155365,0.482461,0.536036
-0.0986746,0.267055,0.295996
-0.0655574,0.220437,0.367293
-0.247414,0.182102,0.138353
-0.119726,-0.253019,0.331437
-0.230117,-0.420132,0.306375
-0.147067,0.0809314,0.477943
-0.182177,0.331571,0.60238
-0.230625,-0.152083,0.315836
-0.27029,0.254181,0.388193
-0.157351,0.453188,0.543585
-0.134252,-0.467354,0.423416
-0.140894,0.0876777,0.174582
-0.189585,0.0767817,0.571644
-0.128033,0.277166,0.405731
-0.208948,0.177787,0.0967241
-0.188243,0.230601,0.150506
-0.208395,0.478616,0.550744
-0.257593,0.257694,0.409558
-0.310778,0.117823,0.336218
-0.180333,0.339677,0.691907
-0.112432,-0.203036,0.321316
-0.210337,0.0826718,0.208285
-0.225463,0.0884606,0.482496
-0.253705,-0.462487,0.414803
-0.301408,0.196044,0.421987
-0.263707,0.245768,0.43304
-0.168039,0.141765,0.0486438
-0.135704,-0.221389,0.314175
-0.159607,0.470464,0.576803
-0.0837256,0.0865029,0.285519
-0.227414,0.147398,0.0822894
-0.082837,0.133429,0.452641
-0.0981147,0.0999468,0.426855
-0.1391,0.292034,0.302023
-0.235597,-0.0513783,0.333617
-0.164447,0.113174,0.640744
-0.162383,0.454566,0.506528
-0.0568783,0.207004,0.349717
-0.11831,0.283853,0.350776
-0.183956,0.162367,0.0746521
-0.194582,0.286778,0.440977
-0.253782,0.0502833,0.373917
-0.172045,0.0771898,0.193944
-0.200157,0.45116,0.548685
-0.173449,0.0499285,0.351587
-0.195903,0.0594243,0.273399
-0.281553,0.0808947,0.352523
-0.0814605,0.216392,0.444198
-0.175171,0.187579,0.665729
-0.226483,-0.458993,0.342124
-0.129267,-0.00590279,0.358168
-0.251626,0.132349,0.124451
-0.158972,0.188536,0.106798
-0.298267,0.106417,0.290629
-0.207613,0.122026,0.0573049
-0.241137,0.138065,0.0978382
-0.237498,0.28462,0.299535
-0.104117,0.164051,0.143192
-0.26698,0.263886,0.330252
-0.25711,0.117693,0.480927
-0.27639,0.0818852,0.275734
-0.170533,0.386335,0.561553
-0.248928,-0.238365,0.321568
-0.0669232,0.139089,0.247815
-0.156182,0.506262,0.595965
-0.131595,-0.190113,0.327508
-0.219635,0.23743,0.189542
-0.20826,0.0873332,0.544914
-0.24523,-0.278352,0.319552
-0.237879,-0.0284167,0.357579
-0.125093,-0.325856,0.326168
-0.235686,-0.330067,0.305967
-0.0917466,0.237744,0.438315
-0.246111,-0.0966413,0.33537
-0.156288,0.317063,0.568482
-0.109831,0.0583156,0.329499
-0.197931,0.182171,0.620172
-0.114087,0.263011,0.256636
-0.215825,0.100244,0.111537
-0.192677,0.370792,0.696063
-0.232658,-0.125114,0.342754
-0.133529,0.0945879,0.496929
-0.171211,0.509975,0.644874
-0.198976,0.283448,0.470996
-0.195343,0.134943,0.583534
-0.14155,-0.466959,0.402937
-0.191318,0.261811,0.233722
-0.232318,-0.301898,0.329199
-0.269539,0.168234,0.489253
-0.219139,0.0371284,0.371335
-0.130072,-0.459577,0.343755
-0.275616,0.0712334,0.306414
-0.198871,0.459819,0.509357
-0.182685,0.142535,0.664058
-0.140841,0.0469325,0.372698
-0.187169,0.0764764,0.48524
-0.194007,0.42624,0.617012
-0.301427,0.156003,0.257128
-0.0785843,0.234573,0.389594
-0.171005,0.386095,0.661488
-0.125078,0.129793,0.528419
-0.153988,0.0954542,0.124001
-0.157228,0.297406,0.334305
-0.0511567,0.188429,0.353462
-0.146412,0.0587089,0.28134
-0.271908,0.252618,0.286582
-0.303418,0.117902,0.395004
-0.183572,0.290193,0.401355
-0.207547,0.0690023,0.416133
-0.231049,0.0953326,0.172264
-0.123465,0.236372,0.511908
-0.150759,0.474486,0.618304
-0.1853,0.255439,0.587371
-0.130094,-0.454883,0.391004
-0.163011,0.149323,0.659159
-0.228631,0.216704,0.155942
-0.114589,-0.131502,0.33029
-0.249116,0.165552,0.123891
-0.158857,0.0658735,0.26267
-0.0653178,0.16761,0.422107
-0.132963,-0.263344,0.315974
-0.248552,0.0985434,0.460164
-0.124739,0.0907835,0.236106
-0.0753009,0.177757,0.448843
-0.175256,0.077357,0.58679
-0.0841976,0.108283,0.260148
-0.0993297,-0.457531,0.369332
-0.0973641,0.164951,0.500714
-0.163793,0.0812702,0.519937
-0.0859524,0.132563,0.207522
-0.221957,0.272149,0.480567
-0.226412,-0.468754,0.427168
-0.297889,0.226142,0.369061
-0.221918,0.276733,0.262371
-0.22335,-0.261115,0.327192
-0.132691,-0.145077,0.330718
-0.22258,0.0418053,0.334353
-0.235218,0.00771922,0.342874
-0.133154,0.031829,0.346034
-0.0699743,0.217081,0.394794
-0.103717,0.0877656,0.408375
-0.298729,0.120143,0.276134
-0.0739902,0.0886819,0.324562
-0.202401,0.0840243,0.526887
-0.0729838,0.238967,0.329845
-0.0866279,0.126496,0.227572
-0.182719,0.227807,0.655621
-0.276164,0.186484,0.479376
-0.252428,0.255274,0.455091
-0.157706,0.228798,0.534203
-0.096798,0.174915,0.18415
-0.117908,0.265685,0.447237
-0.226881,0.275748,0.442949
-0.0698618,0.120047,0.270713
-0.243193,-0.186378,0.328954
-0.239902,-0.221714,0.301362
-0.0989398,0.0780074,0.38375
-0.170292,0.416787,0.549287
-0.185247,0.25492,0.644815
-0.0544443,0.200278,0.315835
-0.206096,0.264489,0.614218
-0.157874,0.410289,0.651245
-0.0999704,0.254681,0.408083
-0.248997,0.11335,0.173329
-0.155503,0.246887,0.523308
-0.230393,-0.36389,0.326137
-0.249301,-0.466361,0.363383
-0.243371,0.248875,0.494334
-0.223543,-0.187246,0.315844
-0.130455,-0.450916,0.311247
-0.175191,0.350573,0.588874
-0.093928,0.252408,0.275161
-0.22966,-0.156659,0.335394
-0.211557,0.292398,0.369797
-0.171691,0.198648,0.545914
-0.0784977,0.231005,0.276978
-0.167912,0.449125,0.600795
-0.180607,0.110835,0.0327947
-0.109843,0.277521,0.37149
-0.17978,0.503599,0.660431
-0.242262,0.280317,0.382581
-0.103831,0.0543458,0.347197
-0.250119,0.231192,0.21287
-0.112042,0.112461,0.200724
-0.134079,-0.45979,0.365629
-0.114088,0.0224475,0.361914
-0.214926,-0.464365,0.411211
-0.133084,0.250108,0.211914
-0.247058,0.0823649,0.416693
-0.243411,0.113911,0.127509
-0.125099,-0.41215,0.308152
-0.197538,0.108674,0.635279
-0.113741,0.199031,0.520261
-0.244775,-0.206409,0.330947
-0.265298,0.0645139,0.321752
-0.200552,0.154754,0.065791
-0.306827,0.145183,0.282232
-0.215221,-0.46738,0.368406
-0.196681,0.0860864,0.154391
-0.154822,0.104384,0.0866083
-0.0944674,0.156576,0.176016
-0.0597176,0.162341,0.265912
-0.206298,0.503996,0.58072
-0.104883,0.130055,0.14734
-0.159399,-0.463961,0.392126
-0.195252,0.166357,0.663011
-0.206347,0.357761,0.559324
-0.225549,-0.0143155,0.346921
-0.170812,0.3348,0.537702
-0.125583,0.0619631,0.283149
-0.0711999,0.0935024,0.301673
-0.156281,0.124568,0.051487
-0.18933,0.078934,0.504254
-0.13939,0.100421,0.528612
-0.279633,0.152089,0.465321
-0.153856,0.392374,0.529635
-0.188281,0.465839,0.692532
-0.112093,0.157349,0.114509
-0.229712,-0.46925,0.356754
-0.167694,0.459324,0.563727
-0.20764,0.157681,0.640625
-0.199934,0.287609,0.411936
-0.145946,0.443593,0.653015
-0.058223,0.113424,0.338063
-0.266036,0.0831426,0.39336
-0.132579,-0.107342,0.337574
-0.273255,0.12618,0.457497
-0.212159,-0.467061,0.333742
-0.187702,0.327018,0.656951
-0.157512,0.0494925,0.304008
-0.189861,0.28336,0.628913
-0.22053,0.0944128,0.141261
-0.20983,0.486104,0.611037
-0.28965,0.087903,0.336923
-0.125502,-0.388843,0.324875
-0.160644,0.13311,0.598777
-0.149534,0.101412,0.583333
-0.30441,0.108599,0.361097
-0.277414,0.120939,0.242679
-0.229834,0.20477,0.53175
-0.165808,0.140584,0.573732
-0.20804,0.126232,0.613961
-0.195181,0.510754,0.557777
-0.185206,0.135818,0.0374869
-0.209809,0.228752,0.157827
-0.25584,0.175139,0.510962
-0.256002,0.222616,0.500919
-0.218312,-0.215834,0.326353
-0.22713,-0.116607,0.324427
-0.174662,0.0853787,0.157105
-0.0736653,0.0969999,0.364926
-0.132655,-0.0606849,0.342561
-0.104109,0.246657,0.472136
-0.182836,0.27971,0.487225
-0.0730426,0.23813,0.306804
-0.0563116,0.168039,0.395968
-0.288716,0.146078,0.220547
-0.30617,0.182174,0.285404
-0.0923365,0.0739399,0.296098
-0.208658,0.124488,0.578166
-0.150917,0.26941,0.496898
-0.220517,-0.435585,0.3099
-0.26339,0.125512,0.190167
-0.206403,0.416448,0.652081
-0.215984,0.44215,0.637334
-0.31908,0.17459,0.348916
-0.190226,0.229808,0.536611
-0.24438,-0.0409325,0.34486
-0.185295,0.076603,0.229814
-0.0589226,0.196783,0.38831
-0.153214,0.162016,0.552285
-0.24794,-0.257339,0.316209
-0.143138,0.133618,0.0669945
-0.19273,0.36147,0.577843
-0.129388,0.0867353,0.468299
-0.164822,0.420506,0.676137
-0.307881,0.154466,0.417588
-0.191423,0.401895,0.639207
-0.11903,0.108614,0.14162
-0.145614,-0.464599,0.332178
-0.289129,0.171632,0.241542
-0.308264,0.205333,0.325346
-0.195248,0.359575,0.522958
-0.163518,0.512652,0.61048
-0.161178,0.293775,0.370162
-0.278817,0.251073,0.330938
-0.254132,0.275975,0.370548
-0.0580432,0.212364,0.327877
-0.117576,-0.0927692,0.34339
-0.158273,0.507651,0.630326
-0.185747,0.0672085,0.42643
-0.137145,0.156661,0.0820888
-0.254228,0.117756,0.212463
-0.185294,0.240165,0.17718
-0.239307,-0.407505,0.317816
-0.0825244,0.0806546,0.341633
-0.127282,-0.423461,0.325219
-0.116716,0.218063,0.186876
-0.164627,0.300563,0.613979
-0.177761,0.179727,0.613859
-0.17312,0.297081,0.297581
-0.230193,-0.240003,0.334315
-0.234768,0.0854728,0.443351
-0.189932,0.0936253,0.623349
-0.155768,0.296965,0.597638
-0.238001,-0.108769,0.345428
-0.188029,0.383422,0.660054
-0.167982,0.286741,0.443267
-0.176906,0.206205,0.124522
-0.199602,0.180223,0.548437
-0.233904,0.158196,0.533059
-0.0481849,0.168777,0.314926
-0.116329,-0.0359255,0.345258
-0.194633,0.0667141,0.257826
-0.15403,0.178261,0.637639
-0.231615,-0.287206,0.310586
-0.214349,0.190379,0.112565
-0.155162,0.203571,0.639843
-0.317661,0.151821,0.329006
-0.233072,-0.100282,0.324294
-0.269332,0.233655,0.256094
-0.19053,0.34352,0.671469
-0.119982,0.146988,0.0963215
-0.234163,-0.45171,0.327177
-0.234359,-0.457258,0.393004
-0.26525,0.097265,0.425141
-0.160092,0.0819928,0.553463
-0.0551474,0.144089,0.288647
-0.264807,0.241743,0.449587
-0.157042,0.281399,0.4705
-0.194858,0.295494,0.366007
-0.136165,0.263877,0.233437
-0.127341,-0.344462,0.308441
-0.202411,0.322696,0.559726
-0.246268,-0.225617,0.333081
-0.289226,0.192943,0.451988
-0.23413,0.0624979,0.387116
-0.171325,0.342134,0.672086
-0.269033,0.0887446,0.260153
-0.0891796,0.166964,0.48505
-0.229385,0.108605,0.105836
-0.152193,0.486176,0.563673
-0.22378,-0.0854825,0.334787
-0.172766,0.145345,0.603635
-0.116832,-0.465759,0.423082
-0.199667,0.297978,0.321577
-0.152224,0.433616,0.622939
-0.198548,0.0596609,0.388592
-0.294464,0.0927223,0.304625
-0.144217,0.459544,0.628519
-0.199791,0.0900241,0.606321
-0.142047,0.105527,0.549517
-0.225645,0.254355,0.213926
-0.180374,0.31523,0.612407
-0.144711,0.230857,0.168801
-0.200965,0.0791982,0.194739
-0.129847,-0.0266715,0.354077
-0.293093,0.192088,0.265515
-0.209347,0.497042,0.651252
-0.230636,0.123274,0.533958
-0.260195,0.241479,0.468593
-0.148333,0.485385,0.654591
-0.171918,0.0705435,0.44773
-0.120835,0.255749,0.487337
-0.278438,0.0960875,0.401592
-0.139143,0.237323,0.191948
-0.12807,-0.274136,0.328705
-0.20364,0.483196,0.530979
-0.300745,0.218701,0.318042
-0.130204,0.219562,0.164002
-0.223578,0.292941,0.330662
-0.195715,0.514427,0.60153
-0.28002,0.123225,0.442598
-0.227646,-0.201812,0.307999
-0.262751,0.138905,0.490167
-0.190261,0.463165,0.580817
-0.143364,0.459686,0.650024
-0.113403,0.108122,0.220024
-0.106099,-0.460797,0.3957
-0.175196,0.0959042,0.118696
-0.117348,-0.166359,0.318258
-0.127015,-0.23559,0.307397
-0.115239,-0.46679,0.342718
-0.203638,0.457933,0.678402
-0.199164,0.13477,0.0468368
-0.099795,0.108834,0.453343
-0.147445,0.429623,0.644382
-0.132813,0.0919498,0.202023
-0.0522954,0.140802,0.371134
-0.262828,0.0695309,0.375238
-0.250403,0.056323,0.318973
-0.186434,0.109577,0.0524346
-0.230376,-0.045919,0.354466
-0.202767,-0.4691,0.390901
-0.211881,0.427524,0.631061
-0.173684,0.0465083,0.321694
-0.215255,0.28386,0.40734
-0.110354,0.0622149,0.376753
-0.244185,-0.0733036,0.345211
-0.21483,0.155394,0.0743829
-0.230618,0.240736,0.514025
-0.258715,0.177538,0.173699
-0.293568,0.133924,0.246209
-0.131593,-0.227961,0.331002
-0.136026,0.172821,0.0965895
-0.152581,-0.465444,0.365239
-0.169616,0.369825,0.677505
-0.15585,0.467033,0.678667
-0.174738,0.29292,0.385058
-0.190564,0.414884,0.549753
-0.143911,0.290804,0.369811
-0.250441,0.0349373,0.369462
-0.122458,-0.436436,0.315015
-0.281667,0.161794,0.215087
-0.142364,0.0446072,0.338775
-0.271182,0.148858,0.181916
-0.173166,0.361133,0.51753
-0.238167,-0.137316,0.318262
-0.225286,-0.452674,0.311641
-0.112159,0.0779445,0.264636
-0.0499914,0.185168,0.319929
-0.227586,-0.233345,0.30895
-0.210131,0.282849,0.443684
-0.177787,0.519128,0.573594
-0.265302,-0.468445,0.389657
-0.0953857,0.200009,0.495108
-0.214866,0.482335,0.643745
-0.187292,0.441599,0.551239
-0.118158,-0.0518818,0.350064
-0.227952,-0.43375,0.329572
-0.199897,0.0795099,0.223393
-0.222647,-0.401922,0.320308
-0.16748,0.156501,0.0671431
-0.0855549,0.252911,0.365742
-0.152996,0.296817,0.31654
-0.19562,0.275136,0.580774
-0.189159,0.436842,0.695979
-0.164368,0.288831,0.410513
-0.20213,0.436408,0.663973
-0.234417,-0.470298,0.333831
-0.229097,-0.317833,0.314108
-0.0675146,0.225152,0.29905
-0.239305,-0.0233961,0.340639
-0.181664,0.0729427,0.470332
-0.117899,-0.0793023,0.333623
-0.167261,0.39987,0.686988
-0.158483,0.129443,0.583278
-0.0604121,0.213596,0.309032
-0.117319,0.0270693,0.34687
-0.0921132,0.0709968,0.352631
-0.185188,0.430023,0.496438
-0.152303,0.111332,0.60836
-0.195661,0.0469107,0.31309
-0.202294,0.48809,0.672957
-0.250833,0.27721,0.305581
-0.164874,0.420378,0.622283
-0.158069,0.263608,0.624399
-0.233238,0.274718,0.420796
-0.253306,0.250066,0.242443
-0.101754,0.250246,0.437748
-0.250402,0.189144,0.155813
-0.149627,0.218212,0.140173
-0.190156,0.386845,0.561444
-0.164062,0.0658669,0.412392
-0.174917,0.25881,0.516817
-0.123333,0.00938265,0.36389
-0.174796,0.0648209,0.262305
-0.167359,0.200901,0.659573
-0.216914,0.45742,0.628201
-0.162676,0.356013,0.528489
-0.203863,0.134472,0.646173
-0.228332,0.292121,0.356689
-0.307272,0.193329,0.298378
-0.286685,0.0915025,0.370776
-0.292497,0.155944,0.444925
-0.187815,0.35228,0.69916
-0.256616,0.138858,0.140089
-0.195955,0.206902,0.612869
-0.216246,0.121461,0.0706606
-0.164911,0.332527,0.595185
-0.151604,0.0824839,0.219843
-0.239354,0.215905,0.171358
-0.204675,0.454694,0.611637
-0.165552,0.229903,0.149886
-0.205605,0.296825,0.599169
-0.117792,-0.285797,0.325463
-0.122758,0.166779,0.529501
-0.139479,0.0920361,0.155607
-0.156394,0.442229,0.667271
-0.0571588,0.118512,0.353022
-0.154819,0.116754,0.628281
-0.171745,0.116819,0.0211221
-0.168155,0.367708,0.69419
-0.205788,0.217806,0.636878
-0.233324,0.101992,0.500897
-0.245619,0.270773,0.401771
-0.0722078,0.129283,0.420492
-0.24128,-0.342333,0.319886
-0.300561,0.223108,0.353781
-0.16782,0.284894,0.573442
-0.180818,0.145285,0.572409
-0.191971,0.254812,0.518254
-0.225265,-0.381361,0.316898
-0.189182,0.40139,0.698409
-0.262636,0.207777,0.498374
-0.196474,0.297341,0.350465
-0.246744,0.0822468,0.249545
-0.104576,0.274459,0.330798
-0.167486,0.400371,0.552406
-0.232602,-0.171136,0.311721
-0.174995,0.27979,0.2576
-0.234856,0.0104705,0.366639
-0.203888,0.264284,0.505149
-0.106467,0.253503,0.45415
-0.175155,0.449417,0.498097
-0.114038,0.240828,0.221684
-0.0896355,0.215948,0.471882
-0.212576,0.0828699,0.183871
-0.050829,0.162042,0.377002
-0.0757417,0.156519,0.225536
-0.25104,0.0786069,0.401726
-0.0955815,0.15094,0.494131
-0.206679,0.42608,0.531157
-0.279423,0.239795,0.28198
-0.179861,0.114609,0.648937
-0.249297,0.103876,0.227673
-0.224288,0.263453,0.228001
-0.217822,0.0752753,0.246305
-0.197665,0.383357,0.511741
-0.204489,0.265835,0.240878
-0.127481,-0.114354,0.324707
-0.239239,0.127318,0.521253
-0.126393,0.0846507,0.444752
-0.312648,0.129073,0.383916
-0.270637,0.198203,0.487876
-0.250792,0.205317,0.182559
-0.0474586,0.151355,0.339618
-0.163282,0.510679,0.562706
-0.127406,-0.131063,0.321681
-0.262467,0.256332,0.274937
-0.160515,0.425421,0.541037
-0.158438,0.2299,0.641124
-0.222185,0.125434,0.54932
-0.0962202,0.104315,0.24981
-0.192994,0.386616,0.69316
-0.237858,0.266352,0.241106
-0.258748,0.131163,0.161796
-0.187811,0.242393,0.595144
-0.130524,0.180278,0.109035
-0.161676,0.225505,0.610636
-0.30103,0.101151,0.338403
-0.243093,-0.311705,0.322014
-0.130044,-0.314725,0.316834
-0.0889797,0.103367,0.415028
-0.310406,0.130101,0.306294
-0.232483,0.0849825,0.238063
-0.315296,0.16707,0.314413
-0.167406,0.470336,0.509695
-0.230977,-0.251027,0.306255
-0.154758,0.445401,0.516119
-0.180502,0.0801185,0.172346
-0.173979,0.376311,0.705411
-0.12077,0.103985,0.162602
-0.156933,0.162032,0.65248
-0.177061,0.0755048,0.555182
-0.274793,0.190669,0.225502
-0.237926,-0.171177,0.33382
-0.204776,0.36873,0.530584
-0.205241,0.443782,0.536126
-0.109381,0.116185,0.173941
-0.116819,0.283192,0.335626
-0.10542,0.262323,0.274005
-0.237661,0.172343,0.110074
-0.209353,0.0955674,0.12523
-0.199117,0.461785,0.560493
-0.245211,-0.208962,0.308433
-0.204497,0.142238,0.618123
-0.188352,0.35956,0.670894
-0.20936,0.109031,0.602903
-0.235291,-0.268348,0.333113
-0.19509,0.452393,0.690889
-0.194278,0.305,0.613707
-0.0931962,0.0711603,0.313798
-0.249574,0.0411431,0.338778
-0.287776,0.227851,0.404949
-0.141162,-0.441531,0.318887
-0.18397,0.299675,0.319825
-0.218776,0.0784009,0.451499
-0.136234,0.0891427,0.223517
-0.13334,0.114276,0.533988
-0.0887932,0.0952997,0.266344
-0.178909,0.426213,0.616952
-0.271885,0.153715,0.481098
-0.125028,0.105711,0.504243
-0.123207,0.144857,0.52968
-0.222822,0.179223,0.103381
-0.0479558,0.154587,0.319926
-0.0507172,0.140125,0.313432
-0.137605,0.273476,0.472905
-0.184985,0.375333,0.571107
-0.18261,0.418324,0.700113
-0.203371,0.0727923,0.449058
-0.112121,-0.245315,0.321026
-0.209772,0.153097,0.554948
-0.173716,0.329366,0.662191
-0.0874188,0.186318,0.480425
-0.114944,-0.216083,0.331681
-0.180339,0.479267,0.686214
-0.115784,0.222107,0.514399
-0.212441,0.0870209,0.505066
-0.170618,0.374986,0.51054
-0.160046,0.0931332,0.609737
-0.23603,0.268255,0.45676
-0.265387,0.266193,0.371643
-0.0932166,0.235792,0.254408
-0.23514,-0.0132673,0.361224
-0.317419,0.176631,0.388313
-0.23896,0.273342,0.267562
-0.0705137,0.174167,0.248727
-0.218425,0.0683462,0.403602
-0.0515966,0.184521,0.368552
-0.0611085,0.149349,0.258765
-0.169734,0.24667,0.203778
-0.174557,0.273772,0.498066
-0.0567988,0.201449,0.301194
-0.315934,0.130674,0.356519
-0.128695,-0.155757,0.31819
-0.157528,0.351094,0.572171
-0.207873,0.49931,0.619064
-0.204227,0.0479093,0.335462
-0.120166,0.0312554,0.372178
-0.204005,0.193486,0.627583
-0.200355,0.290279,0.393424
-0.0907552,0.129269,0.467202
-0.151224,0.486519,0.598066
-0.194366,0.392542,0.669855
-0.153026,0.468603,0.540666
-0.0885816,0.111259,0.428821
-0.215993,0.24588,0.204499
-0.0991593,0.131314,0.173109
-0.203638,0.284063,0.456893
-0.183972,0.290812,0.278768
-0.109741,0.0629829,0.294865
-0.238017,-0.356593,0.31241
-0.178297,0.316336,0.549062
-0.194977,0.254006,0.221772
-0.246633,0.114777,0.496563
-0.108624,0.13303,0.12278
-0.243124,0.265494,0.440087
-0.0977731,0.263626,0.388559
-0.094999,0.0782601,0.28091
-0.314009,0.191929,0.379345
-0.110045,0.246447,0.235545
-0.214745,0.0540868,0.377383
-0.244221,-0.133604,0.335634
-0.224065,0.19558,0.122747
-0.0837526,0.245393,0.380201
-0.165048,0.257028,0.227081
-0.204854,0.240016,0.192949
-0.138182,-0.459127,0.320783
-0.0479672,0.172932,0.354045
-0.17022,0.0938411,0.624261
-0.234309,0.233968,0.190217
-0.28968,0.220167,0.28065
-0.198657,0.206918,0.654008
-0.240058,-0.464236,0.424366
-0.166757,0.0764945,0.236979
-0.122647,-0.160349,0.333727
-0.155005,0.141917,0.563945
-0.167434,0.190902,0.615408
-0.192526,0.168901,0.617244
-0.309796,0.119481,0.318399
-0.24047,0.187572,0.526244
-0.220256,0.0321405,0.346764
-0.184763,0.385984,0.504616
-0.0614695,0.124437,0.385466
-0.27389,0.135064,0.193556
-0.0972314,0.0867414,0.395329
-0.235266,0.081702,0.429267
-0.153011,0.214551,0.538161
-0.18211,0.451857,0.596048
-0.165687,0.176298,0.662726
-0.157187,0.248058,0.60811
-0.193304,0.134575,0.657449
-0.150879,0.0484399,0.31887
-0.185176,0.241414,0.650231
-0.13424,0.283282,0.389618
-0.162546,0.49816,0.539723
-0.109924,-0.231162,0.312553
-0.102253,0.146443,0.145045
-0.157256,0.0491889,0.344836
-0.11189,0.108684,0.484618
-0.209311,0.488836,0.574462
-0.220518,-0.230236,0.324604
-0.180211,0.209282,0.607163
-0.174768,0.299312,0.332897
-0.186176,0.284505,0.265903
-0.150697,0.276647,0.482623
-0.194708,0.342723,0.534913
-0.30636,0.200656,0.398635
-0.204389,0.170782,0.65269
-0.215744,0.206539,0.130739
-0.247619,0.0273881,0.348874
-0.300412,0.218666,0.381171
-0.218645,0.249722,0.514572
-0.306037,0.21362,0.363794
-0.216875,0.167033,0.0866892
-0.154299,0.0836079,0.502654
-0.110481,0.136958,0.510743
-0.297978,0.215406,0.29664
-0.127952,-0.250924,0.308072
-0.0951778,0.127433,0.197688
-0.154827,0.0880598,0.572981
-0.116224,-0.0055611,0.352087
-0.127846,-0.296009,0.326701
-0.122034,-0.0470831,0.337077
-0.158298,0.429872,0.508484
-0.0609229,0.120208,0.291896
-0.204444,0.313404,0.571064
-0.238427,-0.426539,0.320522
-0.112078,0.169623,0.124155
-0.131993,0.00921395,0.351646
-0.120223,-0.18032,0.330245
-0.0798642,0.124518,0.43263
-0.068071,0.131005,0.261632
-0.155521,0.401284,0.518527
-0.212051,0.0803883,0.476771
-0.206567,0.116846,0.627718
-0.205306,0.188806,0.647989
-0.172413,0.391725,0.700209
-0.238158,-0.28883,0.329623
-0.141819,0.16578,0.544478
-0.151956,0.0814364,0.188321
-0.22435,-0.052254,0.342413
-0.270234,0.259882,0.306714
-0.125073,-0.272543,0.308393
-0.121295,-0.400413,0.315362
-0.170416,0.0815009,0.599574
-0.201221,0.471919,0.517843
-0.126714,0.0561807,0.297104
-0.101832,0.181657,0.172609
-0.144213,0.295155,0.339733
-0.224452,0.290294,0.301659
-0.242209,-0.00094269,0.359819
-0.254689,0.25575,0.437815
-0.153424,0.13831,0.62546
-0.200315,0.331441,0.590964
-0.123513,0.0518351,0.326947
-0.223816,-0.45632,0.383262
-0.143746,0.182576,0.103514
-0.123745,0.106376,0.128397
-0.194487,0.101855,0.0957122
-0.135087,-0.467072,0.385705
-0.256754,0.156461,0.143168
-0.218525,-0.422683,0.315455
-0.153659,0.160857,0.0746625
-0.1812,0.391719,0.650807
-0.135925,0.22103,0.529718
-0.105737,0.123705,0.49217
-0.160369,0.405609,0.637383
-0.256092,0.101293,0.448486
-0.316519,0.183794,0.338456
-0.28079,0.104884,0.416278
-0.317088,0.138227,0.344604
-0.240548,0.0631211,0.275059
-0.214746,0.232541,0.173049
-0.250561,-0.228829,0.309055
-0.200619,0.335102,0.547035
-0.202452,0.30012,0.575529
-0.126523,0.287322,0.36196
-0.222726,0.114467,0.0878129
-0.180846,0.0524817,0.363356
-0.20778,0.294955,0.30061
-0.129783,-0.182928,0.313852
-0.206603,0.47032,0.605892
-0.141511,0.114787,0.080195
-0.240058,-0.0649713,0.332818
-0.127118,-0.3003,0.309934
-0.295588,0.0932371,0.318671
-0.202778,0.471292,0.586077
-0.0963768,0.183893,0.194994
-0.18332,0.157743,0.562101
-0.185253,0.175448,0.666943
-0.204816,0.347034,0.57074
-0.236832,0.188324,0.127138
-0.165177,0.494831,0.670851
-0.200617,0.286222,0.428312
-0.138899,0.286945,0.285152
-0.11341,0.0932789,0.244013
-0.154869,0.500706,0.567885
-0.0896457,0.260601,0.310243
-0.146706,0.0746365,0.439597
-0.138957,0.219432,0.150787
-0.170737,0.28409,0.471833
-0.245191,0.214129,0.517233
-0.225547,0.0909334,0.213378
-0.131961,0.274083,0.45478
-0.153524,0.416805,0.526295
-0.165846,0.398527,0.657669
-0.152096,0.0760049,0.244031
-0.143926,0.116509,0.561864
-0.148653,0.470851,0.661519
-0.270697,0.161207,0.188436
-0.311209,0.118123,0.352617
-0.2891,0.132365,0.437206
-0.134005,0.190622,0.53468
-0.185803,0.509346,0.545937
-0.0658151,0.104316,0.355998
-0.104937,-0.460648,0.381724
-0.187648,0.209606,0.543751
-0.27033,0.115042,0.448354
-0.281444,0.213683,0.455097
-0.206853,0.454654,0.520363
-0.124695,0.0596923,0.382046
-0.173987,0.351166,0.6981
-0.107478,0.049992,0.370785
-0.0948009,0.117875,0.239414
-0.179809,0.297474,0.561481
-0.204609,0.252251,0.607832
-0.0885485,-0.467526,0.399419
-0.16857,0.384058,0.674994
-0.22681,-0.184412,0.32969
-0.210644,0.273792,0.253802
-0.149104,0.268478,0.245541
-0.121099,0.101972,0.201009
-0.0607478,0.133964,0.39695
-0.131711,-0.469113,0.355661
-0.173662,0.355792,0.670281
-0.237893,-0.385252,0.312662
-0.153336,0.453749,0.530354
-0.165024,0.411495,0.502469
-0.09841,0.105245,0.440059
-0.216679,0.233542,0.527475
-0.172134,0.241533,0.183956
-0.149874,0.199488,0.119307
-0.227257,0.0487175,0.323361
-0.184996,0.0794471,0.597988
-0.255502,0.188839,0.512452
-0.162405,0.255713,0.595636
-0.269068,0.0667231,0.346932
-0.0874239,0.0914651,0.386905
-0.162487,0.461163,0.595652
-0.165431,0.515532,0.591793
-0.240624,0.102733,0.195122
-0.265524,0.148712,0.16934
-0.0782067,0.104824,0.272018
-0.187102,0.114215,0.0178898
-0.18027,0.275022,0.635592
-0.25998,0.0502325,0.361673
-0.202929,0.0827313,0.556686
-0.300277,0.124149,0.411271
-0.276821,0.217281,0.253222
-0.30093,0.104813,0.304709
-0.204599,0.276806,0.594469
-0.267794,0.127033,0.47001
-0.280154,0.131836,0.213094
-0.214081,0.0896299,0.152323
-0.14508,0.253405,0.219001
-0.225598,0.151767,0.541782
-0.212625,0.479808,0.628949
-0.208811,0.471007,0.670947
-0.180325,0.315636,0.658278
-0.133088,-0.255019,0.326892
-0.217391,0.448631,0.649236
-0.171016,0.170464,0.554488
-0.167465,0.293361,0.285766
-0.207887,0.146148,0.633392
-0.131135,-0.380229,0.315968
-0.151021,0.29426,0.355857
-0.0698556,0.15045,0.433337
-0.180176,0.426095,0.550027
-0.220184,-0.204344,0.319078
-0.180645,0.480703,0.512192
-0.247312,0.280708,0.353351
-0.130296,0.0947788,0.169961
-0.157431,0.051595,0.360251
-0.251461,0.212129,0.194269
-0.177762,0.460763,0.573165
-0.119405,0.0695736,0.273008
-0.1394,0.0341116,0.363856
-0.122711,-0.199684,0.331107
-0.0881461,0.242808,0.403388
-0.164967,0.482933,0.681676
-0.253985,0.275339,0.324106
-0.0585094,0.117347,0.30495
-0.193653,0.235741,0.161773
-0.28647,0.18689,0.247928
-0.196983,0.410205,0.676412
-0.168338,0.236932,0.532468
-0.241176,0.103504,0.178223
-0.260327,0.0951139,0.247149
-0.29084,0.107298,0.402444
-0.197472,0.162287,0.556815
-0.232656,0.271197,0.253258
-0.187835,0.24919,0.21056
-0.203151,0.122358,0.63953
-0.0787415,0.102087,0.390585
-0.209609,0.0441457,0.362347
-0.311879,0.165324,0.294293
-0.204392,0.506026,0.632053
-0.214349,0.466626,0.657018
-0.119803,-0.359668,0.319879
-0.126534,-0.458067,0.33085
-0.14163,0.0966623,0.129204
-0.147133,0.208452,0.130001
-0.199876,0.0694544,0.427175
-0.16356,0.434063,0.676
-0.154623,0.353062,0.55627
-0.313512,0.143706,0.309221
-0.109498,-0.467603,0.368765
-0.200576,0.44077,0.505915
-0.264511,0.229331,0.479834
-0.0928841,0.264353,0.329013
-0.0968953,0.234423,0.471918
-0.251223,-0.460501,0.377679
-0.118983,-0.335597,0.319246
-0.124214,0.281322,0.288692
-0.169467,0.050173,0.297957
-0.0940582,0.245891,0.416312
-0.170084,0.112876,0.0410654
-0.121206,-0.466988,0.394205
-0.317431,0.18308,0.362793
-0.173082,0.0470915,0.335061
-0.119898,0.272237,0.271169
-0.273656,0.0738941,0.286119
-0.162211,0.0778132,0.484568
-0.226341,-0.329674,0.319698
-0.205624,0.463369,0.548722
-0.199142,0.226536,0.610032
-0.129779,0.0694234,0.3946
-0.136088,-0.414757,0.315302
-0.192762,0.219005,0.65515
-0.127854,-0.00753906,0.344991
-0.127491,-0.458316,0.377783
-0.124686,0.0542826,0.311761
-0.122932,0.246302,0.503013
-0.0668052,0.14147,0.420114
-0.232886,-0.467355,0.384421
-0.0786113,0.0959887,0.377264
-0.284319,0.0802111,0.311033
-0.158152,0.24299,0.198341
-0.244852,-0.461537,0.404258
-0.152663,0.483074,0.550743
-0.19977,0.43719,0.611076
-0.227827,-0.137052,0.337733
-0.232703,-0.210235,0.336184
-0.305496,0.118317,0.299841
-0.205909,0.42997,0.513878
-0.0801542,0.107092,0.403726
-0.170904,0.439978,0.695069
-0.128261,-0.0709884,0.333423
-0.175476,0.290365,0.626436
-0.0893776,0.154151,0.189129
-0.265701,0.0651635,0.295531
-0.186485,0.37252,0.707736
-0.11058,0.144452,0.111774
-0.160803,0.415388,0.664578
-0.158589,0.505954,0.645412
-0.299863,0.143605,0.252726
-0.162951,0.457985,0.687544
-0.198662,0.39154,0.552448
-0.219984,-0.455588,0.331103
-0.0478521,0.176355,0.337555
-0.159995,0.439954,0.541556
-0.31278,0.195222,0.332936
-0.224149,-0.272559,0.316792
-0.12055,0.261081,0.238759
-0.119249,-0.194237,0.311088
-0.161897,0.0836818,0.164244
-0.225569,-0.0268538,0.35252
-0.243635,-0.298165,0.322069
-0.230391,-0.0706017,0.351352
-0.175848,0.446935,0.55506
-0.120441,0.122407,0.101907
-0.179291,0.152949,0.06248
-0.10792,0.0995392,0.44874
-0.105368,0.123999,0.163146
-0.237015,0.0711968,0.396574
-0.294127,0.129336,0.258534
-0.203033,0.144783,0.0575802
-0.27599,0.251827,0.376589
-0.142728,0.128848,0.555856
-0.0741287,0.234533,0.29266
-0.28468,0.105201,0.26265
-0.125465,-0.213693,0.306446
-0.226563,0.288123,0.372533
-0.231932,0.0662735,0.265659
-0.191407,0.222321,0.140817
-0.121741,-0.14166,0.337101
-0.168069,0.508611,0.549666
-0.194181,0.243219,0.528193
-0.167826,0.225695,0.652814
-0.310163,0.204254,0.348556
-0.245232,0.0575645,0.382179
-0.110132,-0.217838,0.31923
-0.152258,0.135862,0.0567756
-0.235103,0.0917217,0.474267
-0.117655,-0.258776,0.309913
-0.1254,-0.239427,0.332065
-0.210515,0.289566,0.385093
-0.276688,0.0730597,0.319298
-0.204417,-0.460558,0.365763
-0.238706,0.125264,0.0985266
-0.16419,0.255276,0.637366
-0.182208,0.490867,0.521174
-0.124226,0.190935,0.129183
-0.263106,0.234953,0.244714
-0.206493,0.0645554,0.39998
-0.257402,0.225566,0.222096
-0.253003,0.204861,0.512452
-0.305207,0.151803,0.268863
-0.239538,-0.46077,0.35569
-0.16104,0.137931,0.652941
-0.154636,0.503884,0.583262
-0.155453,0.326902,0.576939
-0.205355,0.240276,0.616823
-0.258714,0.105292,0.236509
-0.167745,0.159108,0.615635
-0.260847,-0.461274,0.403652
-0.18106,0.401256,0.499344
-0.0964667,0.213627,0.493774
-0.112233,0.0866622,0.420482
-0.185374,0.140262,0.596001
-0.134356,0.136057,0.542958
-0.15614,0.0703268,0.42899
-0.285209,0.119253,0.42978
-0.103113,0.0638883,0.31783
-0.242092,0.256003,0.48361
-0.0960401,0.137824,0.487566
-0.204976,0.0889603,0.583832
-0.105557,0.174922,0.150041
-0.0658757,0.133058,0.409873
-0.248635,-0.201511,0.318744
-0.133661,0.125512,0.0818887
-0.292359,0.230872,0.305132
-0.25203,0.250345,0.473234
-0.127977,-0.0321897,0.341128
-0.196347,0.429545,0.677476
-0.250704,0.234372,0.50079
-0.162898,0.297576,0.307116
-0.225732,-0.296049,0.319794
-0.15516,0.235097,0.621578
-0.114281,0.121037,0.116702
-0.253486,0.139209,0.505786
-0.0484908,0.148718,0.356395
-0.195224,0.0657011,0.414395
-0.234089,0.0923961,0.22751
-0.101797,0.117847,0.228611
-0.235806,0.155985,0.0954129
-0.18274,0.519946,0.585433
-0.135633,0.0897049,0.186134
-0.214821,0.0965055,0.551077
-0.319772,0.162288,0.34531
-0.235041,-0.00613823,0.341746
-0.1332,-0.0930726,0.337869
-0.149302,0.0861074,0.164558
-0.126677,0.288601,0.341801
-0.238837,0.252292,0.217023
-0.223046,0.0596415,0.275586
-0.198024,0.0501159,0.350933
-0.108755,0.263938,0.406969
-0.160507,0.478419,0.522503
-0.198011,0.133724,0.59599
-0.314381,0.171671,0.404344
-0.112434,0.0802206,0.401982
-0.243992,-0.160331,0.330396
-0.105405,0.135122,0.135613
-0.303083,0.110429,0.373678
-0.152934,0.0531408,0.292646
-0.302985,0.133596,0.278445
-0.192921,0.156565,0.613925
-0.206298,0.30354,0.588326
-0.117901,-0.317663,0.319472
-0.0496167,0.139291,0.326125
-0.223707,-0.457388,0.400039
-0.19031,0.152752,0.664711
-0.108772,0.208917,0.194424
-0.156799,0.395383,0.542759
-0.135974,-0.203838,0.321205
-0.206592,0.0689865,0.254056
-0.219826,-0.469257,0.345669
-0.149129,0.0640059,0.393758
-0.23736,0.110606,0.116807
-0.194346,0.415054,0.626456
-0.131926,0.174143,0.535452
-0.230113,0.0936916,0.184967
-0.149633,0.489052,0.62975
-0.220556,-0.460581,0.355253
-0.182576,0.342194,0.595444
-0.149532,0.113717,0.580219
-0.261301,0.262034,0.395776
-0.156631,0.235151,0.168178
-0.0796764,0.115622,0.417229
-0.0654321,0.100114,0.330271
-0.1391,-0.469056,0.343059
-0.0471142,0.162127,0.347478
-0.15834,0.137979,0.610248
-0.237019,0.105114,0.135948
-0.188269,0.512319,0.631656
-0.0570265,0.148545,0.275179
-0.0685876,0.146221,0.237496
-0.15792,0.159571,0.625617
-0.245393,-0.0852322,0.341197
-0.284905,0.0819059,0.326856
-0.13317,-0.395948,0.317772
-0.121057,0.277226,0.391443
-0.172647,0.245246,0.594083
-0.225026,0.264664,0.492016
-0.081178,0.144109,0.205711
-0.158209,0.0835212,0.531023
-0.0745089,0.187824,0.249317
-0.242828,-0.15254,0.318989
-0.0798433,0.145206,0.455991
-0.126861,0.267623,0.469878
-0.232614,-0.46766,0.399979
-0.0720166,0.220807,0.280532
-0.223132,-0.146721,0.325847
-0.0720024,0.162418,0.238019
-0.163477,0.170659,0.0849428
-0.130292,0.0380166,0.375353
-0.253023,0.26017,0.26353
-0.197416,0.410642,0.660757
-0.0898612,0.17118,0.201623
-0.104793,0.227059,0.498812
-0.225844,0.0982574,0.510272
-0.191086,0.0463187,0.324768
-0.20964,-0.461278,0.397912
-0.134165,-0.462209,0.411897
-0.172513,0.0790489,0.51121
-0.203107,0.13513,0.573709
-0.245634,-0.181103,0.317863
-0.203046,0.406016,0.646032
-0.13414,0.108796,0.100637
-0.21235,0.0814275,0.231288
-0.244752,0.0591417,0.286148
-0.145708,-0.46073,0.391994
-0.222668,0.283441,0.397288
-0.205027,0.397739,0.51671
-0.183305,0.508819,0.64824
-0.206821,0.491441,0.550629
-0.0861868,0.242647,0.276027
-0.0896944,0.258468,0.297182
-0.204097,0.235733,0.635077
-0.183358,0.127051,0.657052
-0.194931,0.491566,0.527836
-0.164199,0.0589907,0.385385
-0.210014,-0.467349,0.380556
-0.201452,0.410216,0.507885
-0.0811739,0.248591,0.301128
-0.222424,0.0906227,0.494367
-0.223626,0.0778697,0.43142
-0.171492,0.414945,0.689604
-0.157609,0.208457,0.621643
-0.19106,0.119077,0.0286426
-0.269857,0.246529,0.272934
-0.242415,-0.238805,0.332338
-0.159815,0.287284,0.274037
-0.155134,0.150116,0.646647
-0.154056,0.123856,0.60382
-0.245919,0.108673,0.204666
-0.0921687,0.144702,0.178859
-0.127372,-0.143289,0.319474
-0.266292,0.0764428,0.270969
-0.126608,0.158062,0.0926292
-0.135216,-0.433816,0.326585
-0.165495,0.275302,0.581167
-0.276737,0.137633,0.460767
-0.26411,0.17368,0.498988
-0.23782,0.206837,0.153286
-0.149692,0.0834402,0.491153
-0.246447,0.133257,0.107942
-0.198158,0.254955,0.637253
-0.105575,0.273938,0.303632
-0.183813,0.0767953,0.540917
-0.174838,0.13083,0.0296984
-0.201353,0.297982,0.336084
-0.160123,0.084125,0.583427
-0.213814,0.092805,0.534216
-0.223748,0.0100505,0.35184
-0.240538,0.0908255,0.454822
-0.148838,0.449191,0.623654
-0.195986,0.0810476,0.514424
-0.192545,0.484562,0.681689
-0.0498751,0.137285,0.339873
-0.17962,0.299122,0.307855
-0.211395,0.287292,0.278117
-0.125477,-0.0671174,0.350241
-0.239766,0.0529914,0.304792
-0.0928803,0.263155,0.353095
-0.125683,-0.308162,0.326814
-0.156767,0.29498,0.296779
-0.229837,-0.313775,0.32721
-0.11493,-0.100371,0.333812
-0.108519,-0.46196,0.414372
-0.178531,0.287843,0.437073
-0.248494,0.242522,0.221959
-0.121987,0.285968,0.324847
-0.252241,0.170968,0.140114
-0.175806,0.461778,0.694066
-0.22327,-0.122189,0.33546
-0.167918,0.493764,0.528411
-0.126719,-0.467511,0.433221
-0.102129,0.149179,0.504322
-0.173101,0.225717,0.602854
-0.197771,0.114177,0.0524418
-0.216588,0.0793739,0.465351
-0.243217,-0.11945,0.340091
-0.23518,-0.125545,0.319609
-0.15094,0.0595932,0.381477
-0.253632,0.156881,0.511971
-0.104192,0.161895,0.51036
-0.154341,0.190372,0.639107
-0.152297,0.0888971,0.559812
-0.211998,0.295977,0.328363
-0.166004,0.107784,0.0669239
-0.233157,-0.349006,0.327061
-0.207057,0.426008,0.659686
-0.233052,-0.346231,0.306388
-0.253173,0.154365,0.126353
-0.215431,0.121561,0.565516
-0.119986,-0.0194471,0.35674
-0.200953,0.272426,0.624852
-0.190509,0.473935,0.510162
-0.17781,0.124019,0.0116799
-0.103276,-0.463065,0.358979
-0.152454,0.102351,0.600214
-0.158131,-0.462959,0.380008
-0.0813518,0.221789,0.433345
-0.136896,0.197288,0.124379
-0.15331,0.147639,0.63337
-0.244638,-0.0537136,0.343137
-0.232984,0.280539,0.390332
-0.291266,0.138608,0.230558
-0.189974,0.411394,0.499083
-0.187624,0.37173,0.66379
-0.246345,-0.108721,0.335122
-0.140564,0.281081,0.430539
-0.108835,0.0404349,0.347875
-0.254821,0.265462,0.27691
-0.2151,0.0345846,0.357434
-0.209512,0.494033,0.588677
-0.193075,0.0523345,0.361714
-0.107475,0.18759,0.160328
-0.122107,-0.123188,0.340781
-0.18754,0.337426,0.681427
-0.0560316,0.192278,0.292342
-0.0601229,0.129613,0.284407
-0.126169,0.271867,0.260427
-0.123575,-0.468191,0.364499
-0.165572,0.265869,0.239397
-0.0829327,0.0819709,0.353599
-0.161845,0.0796341,0.213234
-0.207748,0.478708,0.562769
-0.145352,0.278562,0.263449
-0.20689,0.393737,0.535782
-0.0724319,0.111728,0.394041
-0.112419,0.164729,0.519578
-0.217003,0.0483599,0.311802
-0.127897,-0.170984,0.314825
-0.205972,0.414271,0.533278
-0.221621,-0.255676,0.316617
-0.164899,0.451398,0.552922
-0.293479,0.109231,0.27243
-0.222248,-0.411455,0.313013
-0.144646,0.233536,0.1812
-0.275793,0.0992495,0.257262
-0.0893837,0.253461,0.286308
-0.126508,-0.470277,0.339736
-0.298956,0.183491,0.271411
-0.317216,0.137597,0.366187
-0.273707,0.124664,0.222747
-0.110487,0.100424,0.46141
-0.254194,0.118936,0.183103
-0.219688,0.294527,0.341839
-0.161234,0.219941,0.137974
-0.247623,0.0245476,0.363983
-0.11793,-0.264686,0.328997
-0.205087,0.421691,0.623185
-0.157657,0.197575,0.649842
-0.118299,0.136268,0.521061
-0.110719,0.11385,0.188968
-0.253932,0.271248,0.289342
-0.173043,0.0608054,0.395548
-0.117239,-0.120286,0.325791
-0.240217,0.0187192,0.34551
-0.202321,0.172567,0.625622
-0.130239,0.258399,0.22451
-0.232895,-0.0983204,0.347854
-0.25637,-0.457554,0.367106
-0.100734,0.161331,0.155482
-0.155026,0.443466,0.615158
-0.152536,0.496384,0.604527
-0.115524,-0.231544,0.302105
-0.0746775,0.0890402,0.336396
-0.244701,0.282257,0.339237
-0.130195,0.0779706,0.422375
-0.161984,0.132204,0.0444517
-0.296831,0.226941,0.327982
-0.121086,0.198208,0.143833
-0.19719,0.281817,0.262496
-0.1706,0.37656,0.568217
-0.174795,0.51638,0.610214
-0.102641,0.0520395,0.359085
-0.213427,0.108868,0.576528
-0.162898,0.124799,0.647834
-0.279742,0.246549,0.293784
-0.188195,0.0773756,0.583357
-0.12951,0.289337,0.316396
-0.223587,-0.158183,0.323085
-0.159437,0.114038,0.0577906
-0.310363,0.150166,0.292321
-0.183814,0.106138,0.0739932
-0.22765,0.0216284,0.345561
-0.169674,0.0533854,0.367017
-0.122244,-0.422569,0.312864
-0.202878,0.44832,0.669507
-0.195232,0.370252,0.516101
-0.232092,-0.404803,0.326716
-0.130165,-0.0190775,0.344962
-0.292298,0.23107,0.380865
-0.130206,0.0448669,0.333641
-0.176025,0.260042,0.229996
-0.225215,0.052847,0.382566
-0.300426,0.110539,0.38512
-0.13353,0.0214462,0.351507
-0.219718,0.137105,0.551656
-0.239194,-0.379257,0.322667
-0.189956,0.0724214,0.246139
-0.194287,0.367538,0.684913
-0.116431,0.0912256,0.444778
-0.19587,0.451666,0.600465
-0.123841,0.183813,0.529121
-0.306555,0.138537,0.414036
-0.138614,0.0867588,0.483573
-0.154377,0.477515,0.58455
-0.19243,0.494353,0.67222
-0.187874,0.501221,0.53534
-0.320443,0.163717,0.365259
-0.111324,0.251314,0.480087
-0.118542,-0.289824,0.314508
-0.243677,0.0999573,0.475818
-0.238264,-0.110652,0.322843
-0.187507,0.354052,0.585859
-0.131828,0.102907,0.513322
-0.21355,0.428018,0.642611
-0.190126,0.198773,0.662075
-0.174322,0.18581,0.54896
-0.178848,0.232901,0.535556
-0.20689,0.492172,0.663043
-0.213385,0.0969838,0.563234
-0.232716,-0.187403,0.308646
-0.125663,0.131759,0.0894258
-0.216475,-0.433378,0.320601
-0.237835,-0.0898094,0.326694
-0.207213,0.143023,0.562144
-0.205893,0.250807,0.217138
-0.230346,0.035016,0.377322
-0.223896,0.209471,0.139583
-0.306295,0.182447,0.419632
-0.15418,0.491987,0.663036
-0.106088,0.273719,0.381818
-0.137336,-0.218014,0.326292
-0.126477,-0.459241,0.319282
-0.122623,-0.038824,0.354576
-0.154862,0.46664,0.610801
-0.185891,0.277345,0.25407
-0.181528,0.355694,0.661755
-0.141775,-0.467524,0.361191
-0.139917,0.244813,0.51777
-0.102903,0.181837,0.50888
-0.186393,0.51654,0.609086
-0.162499,0.38793,0.511037
-0.138888,0.264242,0.495585
-0.0516225,0.170616,0.292365
-0.0577458,0.114639,0.316177
-0.21646,0.277936,0.471344
-0.187869,0.516388,0.564741
-0.12821,0.233611,0.191476
-0.125306,-0.370913,0.312414
-0.20875,0.114753,0.613087
-0.202902,0.50917,0.590451
-0.204816,0.371059,0.555208
-0.150468,0.0880072,0.523291
-0.184712,0.295001,0.289574
-0.187752,0.285055,0.468967
-0.146129,0.0779929,0.464787
-0.1373,0.282611,0.40161
-0.0660466,0.123766,0.397494
-0.264667,0.0645349,0.333237
-0.172455,0.343515,0.68344
-0.117728,0.271108,0.407274
-0.155789,0.215042,0.639698
-0.198216,0.440446,0.544582
-0.216814,0.468021,0.632936
-0.217382,0.173892,0.54312
-0.197773,0.505798,0.653265
-0.104942,0.108582,0.467814
-0.245281,0.0408307,0.377879
-0.0914413,0.255929,0.382363
-0.167144,0.104052,0.634324
-0.0833753,0.0787042,0.320427
-0.0991646,0.125116,0.480352
-0.155159,0.0794731,0.233545
-0.152551,-0.463835,0.402204
-0.0489072,0.170843,0.36641
-0.11764,0.136137,0.099101
-0.0646593,0.109733,0.294586
-0.116625,-0.0768227,0.344818
-0.111626,0.203066,0.174506
-0.0679547,0.106117,0.368794
-0.284133,0.144003,0.209665
-0.195531,0.193601,0.616167
-0.13116,-0.0820879,0.333565
-0.16147,0.0476401,0.314669
-0.248682,-0.245885,0.309608
-0.11145,0.256034,0.247992
-0.143594,0.294566,0.322597
-0.301839,0.200656,0.291531
-0.204713,0.505191,0.643543
-0.155553,0.172658,0.648581
-0.185114,0.297952,0.351228
-0.0805986,0.165694,0.220823
-0.209949,0.115681,0.5893
-0.262733,0.0569522,0.351638
-0.201644,0.50912,0.571668
-0.151861,0.496768,0.652956
-0.136057,0.103122,0.112235
-0.219607,0.204946,0.536754
-0.196679,0.297737,0.30881
-0.101378,0.270424,0.368374
-0.206134,0.22971,0.625423
-0.225256,-0.468975,0.412567
-0.267925,0.114698,0.239117
-0.224074,-0.45992,0.366346
-0.255785,0.0586503,0.329118
-0.240531,-0.324096,0.31467
-0.164291,0.281086,0.261202
-0.11705,-0.140119,0.323039
-0.138872,0.205895,0.534519
-0.18272,0.0778106,0.183238
-0.164877,0.354181,0.580254
-0.178924,0.140688,0.0456148
-0.112695,0.0861576,0.253491
-0.0977448,-0.467237,0.375936
-0.24386,0.17549,0.122431
-0.19208,0.411526,0.687147
-0.158836,0.267775,0.59394
-0.231302,0.265883,0.48185
-0.186673,0.268336,0.241719
-0.260042,0.0593062,0.368531
-0.124751,0.226083,0.520028
-0.202974,0.133796,0.606149
-0.172777,0.149677,0.664837
-0.203734,0.204367,0.624546
-0.193555,0.0814879,0.168281
-0.103621,0.0767774,0.27376
-0.228152,-0.0595297,0.351135
-0.132657,0.0521944,0.379219
-0.0892741,0.138341,0.473761
-0.222907,0.0266075,0.366904
-0.151834,0.419602,0.649202
-0.247045,0.0718438,0.263482
-0.230826,-0.252989,0.334402
-0.233346,-0.21067,0.303984
-0.0533646,0.127303,0.314373
-0.172009,0.43999,0.605969
-0.169866,0.209503,0.543507
-0.0571656,0.181709,0.282749
-0.122419,-0.413322,0.320842
-0.10459,0.120896,0.200534
-0.118202,-0.205276,0.309153
-0.164663,0.512269,0.621666
-0.142302,0.0743021,0.426064
-0.23317,-0.431337,0.3089
-0.29188,0.0924238,0.292783
-0.185226,0.139305,0.581284
-0.158677,0.179376,0.625563
-0.301773,0.168554,0.266395
-0.148233,0.432651,0.633397
-0.131301,0.245749,0.510625
-0.293921,0.208753,0.280067
-0.127081,0.185238,0.118497
-0.184189,0.295686,0.369488
-0.125067,-0.058694,0.334534
-0.230191,0.0977191,0.151514
-0.117151,0.22436,0.196143
-0.123738,-0.447405,0.319504
-0.310157,0.192888,0.309198
-0.217705,-0.454983,0.319554
-0.157616,0.121675,0.638197
-0.175897,0.323783,0.652006
-0.182752,0.233058,0.598681
-0.157303,0.339576,0.550361
-0.227292,-0.369474,0.314471
-0.125062,0.0166602,0.345982
-0.217689,0.262823,0.500878
-0.202651,0.29294,0.376519
-0.215571,0.219206,0.145976
-0.21872,0.0694801,0.255809
-0.244151,0.00382305,0.349909
-0.192201,0.292286,0.622625
-0.175627,0.0781264,0.529572
-0.147936,0.284825,0.274276
-0.241459,0.191525,0.138195
-0.206211,0.145363,0.645953
-0.164121,0.101964,0.0922503
-0.181091,0.108189,0.0621118
-0.244586,-0.270341,0.327264
-0.206733,0.456066,0.538128
-0.0722043,0.0950761,0.354056
-0.245054,0.164616,0.113166
-0.220796,0.224094,0.158731
-0.19609,0.249743,0.596211
-0.161134,0.0791737,0.194717
-0.112738,-0.2581,0.3217
-0.187993,0.107228,0.640825
-0.142304,0.451383,0.642711
-0.127636,0.0958609,0.193001
-0.146905,0.0960283,0.553212
-0.200572,0.212338,0.540833
-0.100616,0.0622164,0.340046
-0.30927,0.171033,0.285128
-0.132602,-0.179165,0.325932
-0.194554,0.388171,0.682276
-0.141755,0.461908,0.639253
-0.190443,0.0840616,0.606572
-0.140257,0.0866357,0.195754
-0.230123,-0.0696509,0.331292
-0.101736,0.231543,0.487844
-0.0929886,0.164402,0.187012
-0.144923,0.245204,0.206217
-0.258976,0.271095,0.361874
-0.207848,0.475966,0.538223
-0.180541,0.403246,0.637729
-0.242315,-0.215698,0.336559
-0.153711,0.189491,0.543524
-0.270661,0.203947,0.227686
-0.152388,0.0740395,0.449698
-0.111503,0.127175,0.505696
-0.146857,0.222567,0.533717
-0.229763,0.279875,0.276634
-0.146832,0.049,0.329211
-0.237754,0.0546975,0.294076
-0.185255,0.266043,0.63963
-0.252947,0.143261,0.123715
-0.259285,0.197877,0.506699
-0.122695,-0.223154,0.335364
-0.271031,0.0752038,0.370568
-0.196031,0.273862,0.495452
-0.206405,0.23852,0.528409
-0.193011,0.404274,0.551351
-0.162973,0.0724004,0.45386
-0.259879,0.270228,0.306893
-0.138852,-0.460362,0.352641
-0.222996,-0.470708,0.330906
-0.0902701,0.113467,0.248624
-0.13757,-0.424128,0.321443
-0.124757,0.0829038,0.433577
-0.226864,0.272191,0.470748
-0.258743,0.125775,0.175822
-0.210662,0.444178,0.660018
-0.105645,0.158524,0.132736
-0.240409,0.0526173,0.316375
-0.242652,-0.466981,0.375467
-0.221829,0.0511051,0.298423
-0.171015,0.248993,0.525304
-0.0946498,0.117289,0.458047
-0.120452,-0.382188,0.317416
-0.174758,0.269677,0.579557
-0.117464,-0.169326,0.328802
-0.231806,0.288534,0.324932
-0.103997,0.201091,0.50865
-0.1282,0.279598,0.278646
-0.11003,0.274813,0.293675
-0.159349,0.376259,0.558099
-0.233776,0.258149,0.492853
-0.284601,0.127573,0.237156
-0.246791,0.180541,0.520763
-0.129902,-0.361577,0.316173
-0.159822,0.283542,0.460155
-0.210427,0.082939,0.219204
-0.185267,0.455062,0.499284
-0.309433,0.138775,0.294449
-0.223573,0.139783,0.0754782
-0.258883,-0.460294,0.386283
-0.153996,0.478573,0.571283
-0.177455,0.378003,0.658051
-0.233384,-0.469795,0.346503
-0.157663,0.23917,0.635439
-0.231251,0.184558,0.533007
-0.240777,0.271775,0.411478
-0.252171,0.0657094,0.277608
-0.154181,0.378518,0.537907
-0.227261,-0.307382,0.316521
-0.242806,0.237048,0.204703
-0.223654,0.214082,0.532483
-0.0531935,0.124454,0.336276
-0.0922819,0.0735231,0.363195
-0.157966,0.454338,0.676428
-0.27848,0.108991,0.253286
-0.25437,0.257754,0.424762
-0.267079,0.102974,0.434174
-0.202522,0.501152,0.552806
-0.182693,0.149175,0.60571
-0.180254,0.431238,0.698581
-0.0522451,0.191074,0.306529
-0.234595,0.227196,0.181099
-0.228249,-0.339098,0.324678
-0.213914,0.0725748,0.424124
-0.147795,0.047058,0.364409
-0.0919417,0.0858141,0.273792
-0.31494,0.149358,0.396829
-0.102006,0.133532,0.159288
-0.062754,0.105993,0.30773
-0.237131,-0.46116,0.340189
-0.220598,-0.467202,0.378338
-0.185191,0.355759,0.520388
-0.188522,0.346086,0.688939
-0.19044,0.287116,0.569932
-0.097833,0.157939,0.165329
-0.237346,-0.276136,0.308942
-0.199328,0.291596,0.282923
-0.123158,-0.223965,0.304022
-0.24043,-0.0387655,0.354664
-0.12136,0.155396,0.528295
-0.274359,0.0733205,0.355214
-0.171476,0.37666,0.666927
-0.170043,0.461595,0.503672
-0.238019,-0.0361945,0.337558
-0.18154,0.397404,0.705659
-0.225168,0.194907,0.535972
-0.117998,-0.461141,0.370442
-0.222163,0.0878297,0.18067
-0.214556,0.0850037,0.48965
-0.129857,-0.400828,0.308776
-0.226923,0.0677351,0.395241
-0.230048,0.199859,0.132649
-0.107073,0.0958972,0.436184
-0.276929,0.0896166,0.267382
-0.218716,0.158728,0.546199
-0.20633,0.0984038,0.604802
-0.215408,0.224188,0.532581
-0.208973,0.203284,0.540798
-0.188021,0.362383,0.704366
-0.0583353,0.112592,0.32669
-0.195264,0.317334,0.553791
-0.0644855,0.204703,0.282396
-0.135016,-0.230667,0.319511
-0.175172,0.261155,0.641805
-0.22935,0.23226,0.520466
-0.13267,-0.45772,0.402281
-0.265814,0.245574,0.422537
-0.12958,0.0732822,0.404593
-0.235916,0.250125,0.501926
-0.229165,0.111714,0.527106
-0.0751092,0.0871102,0.314028
-0.182135,0.050302,0.296456
-0.154345,0.473237,0.530695
-0.163835,0.465774,0.586096
-0.247484,0.141266,0.51586
-0.177715,0.202018,0.663042
-0.198134,0.24352,0.642212
-0.131545,0.0752368,0.256137
-0.157068,0.134441,0.573505
-0.170083,0.295512,0.565435
-0.239999,-0.361121,0.322379
-0.232549,-0.458589,0.318326
-0.167589,0.394522,0.676852
-0.244225,-0.0305627,0.347375
-0.119438,0.0932386,0.466865
-0.275219,0.211362,0.244492
-0.292671,0.095575,0.362948
-0.204154,0.0814772,0.176722
-0.105069,0.257946,0.264297
-0.230741,-0.46734,0.436797
-0.159898,0.462739,0.512877
-0.19322,0.463055,0.570596
-0.206098,0.283673,0.602456
-0.122066,0.175016,0.112768
-0.184913,0.186789,0.548777
-0.175131,0.250395,0.646604
-0.122685,-0.101988,0.344793
-0.250826,0.111076,0.220001
-0.243139,-0.289165,0.316442
-0.138023,0.0806833,0.243176
-0.0810939,0.0944609,0.278993
-0.195751,0.0796669,0.541141
-0.136453,-0.45428,0.330648
-0.16059,0.466922,0.565837
-0.216025,0.26997,0.490152
-0.237511,0.220234,0.521271
-0.187986,0.336432,0.661825
-0.12075,0.119887,0.514289
-0.128468,0.0904372,0.478188
-0.21521,0.265872,0.237001
-0.293125,0.171497,0.447829
-0.0974923,-0.466674,0.393847
-0.237842,-0.146422,0.338127
-0.239649,0.162027,0.103174
-0.133101,0.201806,0.133132
-0.0545255,0.129555,0.364065
-0.133652,0.255307,0.502422
-0.225094,0.0134591,0.362265
-0.226852,-0.00169052,0.346679
-0.12152,0.271705,0.423
-0.222757,0.232056,0.180489
-0.253385,0.109503,0.475454
-0.104778,0.242203,0.481655
-0.151252,0.176611,0.0933395
-0.188171,0.111736,0.041145
-0.130362,0.212898,0.152346
-0.236046,-0.467886,0.365925
-0.320219,0.159337,0.375245
-0.180246,0.411479,0.55251
-0.17106,0.0789194,0.177404
-0.204842,0.183273,0.629912
-0.153088,0.127099,0.628914
-0.297469,0.127636,0.268877
-0.181577,0.43395,0.610373
-0.217948,0.0712641,0.414522
-0.170377,0.135008,0.0388064
-0.204995,0.259079,0.623143
-0.1007,0.06495,0.328062
-0.206319,0.43165,0.619635
-0.0652423,0.149415,0.246908
-0.120951,-0.466932,0.331061
-0.144306,-0.459812,0.368322
-0.223701,-0.391637,0.318158
-0.119995,0.0974965,0.229621
-0.118526,0.282985,0.367141
-0.15192,0.499389,0.629374
-0.238948,0.240779,0.507691
-0.151285,0.485001,0.608418
-0.225567,-0.0845145,0.345048
-0.160619,0.440135,0.505421
-0.133352,-0.193558,0.315822
-0.132347,-0.274738,0.318184
-0.245897,0.257702,0.236615
-0.128518,-0.0528394,0.35103
-0.167406,0.464219,0.573745
-0.124097,0.0996568,0.491323
-0.214025,-0.461193,0.34218
-0.177712,0.33383,0.681516
-0.110589,0.030064,0.354261
-0.206526,0.190414,0.544058
-0.129239,-0.328459,0.315958
-0.139673,0.0673178,0.397141
-0.197666,0.466181,0.687216
-0.190631,0.0696021,0.439295
-0.171434,0.506446,0.654879
-0.243156,-0.0199416,0.354602
-0.251049,0.262486,0.416096
-0.136451,0.286635,0.377779
-0.194706,0.242173,0.192037
-0.232094,0.287665,0.308228
-0.12086,0.260538,0.47809
-0.191688,0.128616,0.033675
-0.285619,0.237841,0.294109
-0.230407,-0.0355411,0.356282
-0.224918,-0.444221,0.331022
-0.172871,0.0567187,0.380117
-0.178362,0.334638,0.654529
-0.159802,0.461115,0.556014
-0.11651,-0.0555932,0.340197
-0.0771561,0.087677,0.347111
-0.164779,0.435638,0.6862
-0.166741,0.0783528,0.203428
-0.103787,0.263678,0.39769
-0.234951,-0.230924,0.302036
-0.206717,0.333225,0.567681
